Id;Código da Ficha;Nome;km;Sentido
1;Ficha 1;PREFEITURA MUNICIPAL DE SAPUCAIA;1,800 ;RJ
2;Ficha 2;MEGA GRILL ELMAC ADMINISTRAÇÃO DE TERMINAIS RODOVIÁRIOS LTDA;1,900 ;MG
3;Ficha 3;PREFEITURA MUNICIPAL DE SAPUCAIA;1,950 ;RJ
4;Ficha 4;CLUBE DOS DUZENTOS (VERIFICAR);2,000 ;MG
5;Ficha 5;CONJUNTO RESIDENCIAL FLORESTA;2,200 ;MG
6;Ficha 6;PREFEITURA MUNICIPAL DE SAPUCAIA;2,200 ;RJ
7;Ficha 7;FAZENDA LORDELLO - MARCOS FRANÇA;3,700 ;MG
8;Ficha 8;FAZENDA LORDELLO - MARCOS FRANÇA;3,720 ;RJ
9;Ficha 9;MOTEL REVEILLON;4,100 ;MG
10;Ficha 10;GNV PÁDUA COMÉRCIO DE COMBUSTÍVEIS;4,300 ;MG
11;Ficha 11;NÃO IDENTIFICADO;4,500 ;RJ
12;Ficha 12;FAZENDA BOA ESPERANÇA;5,200 ;MG
13;Ficha 13;NÃO IDENTIFICADO;5,500 ;MG
14;Ficha 14;NÃO IDENTIFICADO;5,800 ;MG
15;Ficha 15;PREFEITURA MUNICIPAL DE SAPUCAIA;6,300 ;RJ
16;Ficha 16;PREFEITURA MUNICIPAL DE SAPUCAIA (BAIRRO VALE DA TERNURA) ;6,500 ;MG
17;Ficha 17;PREFEITURA MUNICIPAL DE SAPUCAIA (BAIRRO VALE DA TERNURA) ;6,700 ;MG
18;Ficha 18;PREFEITURA MUNICIPAL DE SAPUCAIA (BAIRRO VALE DA TERNURA) ;6,800 ;MG
19;Ficha 19;RAICY;6,850 ;RJ
20;Ficha 20;NÃO IDENTIFICADO;6,980 ;MG
21;Ficha 21;PREFEITURA MUNICIPAL DE SAPUCAIA;7,100 ;MG
22;Ficha 22;PREFEITURA MUNICIPAL DE SAPUCAIA (VILA SÃO SEBASTIÃO);7,300 ;MG
23;Ficha 23;NÃO IDENTIFICADO;7,500 ;RJ
24;Ficha 24;NÃO IDENTIFICADO;7,900 ;RJ
25;Ficha 25;NÃO IDENTIFICADO;8,300 ;RJ
26;Ficha 26;NÃO IDENTIFICADO;8,400 ;MG
27;Ficha 27;NÃO IDENTIFICADO;8,700 ;MG
28;Ficha 28;NÃO IDENTIFICADO;8,750 ;RJ
29;Ficha 29;NÃO IDENTIFICADO;8,800 ;MG
30;Ficha 30;NÃO IDENTIFICADO;9,100 ;MG
31;Ficha 31;NÃO IDENTIFICADO;9,200 ;RJ
32;Ficha 32;NÃO IDENTIFICADO;9,400 ;RJ
33;Ficha 33;PREFEITURA MUNICIPAL DE SAPUCAIA;9,900 ;RJ
34;Ficha 34;NÃO IDENTIFICADO;10,300 ;MG
35;Ficha 35;NÃO IDENTIFICADO;10,600 ;MG
36;Ficha 36;NÃO IDENTIFICADO;11,400 ;RJ
37;Ficha 37;NÃO IDENTIFICADO;11,500 ;MG
38;Ficha 38;NÃO IDENTIFICADO;12,200 ;RJ
39;Ficha 39;NÃO IDENTIFICADO;12,900 ;MG
40;Ficha 40;NÃO IDENTIFICADO;12,900 ;RJ
41;Ficha 41;FAZENDA PEDRA DE AMOLAR;13,300 ;RJ
42;Ficha 42;FAZENDA PEDRA DE AMOLAR;14,400 ;MG
43;Ficha 43;FAZENDA PEDRA DE AMOLAR;14,400 ;RJ
44;Ficha 44;NÃO IDENTIFICADO;16,100 ;RJ
45;Ficha 45;PREFEITURA MUNICIPAL DE SAPUCAIA;16,400 ;MG
46;Ficha 46;NÃO IDENTIFICADO;17,400 ;MG
47;Ficha 47;NÃO IDENTIFICADO;17,400 ;RJ
48;Ficha 48;NÃO IDENTIFICADO;17,600 ;MG
49;Ficha 49;NÃO IDENTIFICADO;18,400 ;MG
50;Ficha 50;NÃO IDENTIFICADO;19,400 ;RJ
51;Ficha 51;NÃO IDENTIFICADO;19,600 ;RJ
52;Ficha 52;PREFEITURA MUNICIPAL DE SAPUCAIA;19,700 ;MG
53;Ficha 53;NÃO IDENTIFICADO;19,700 ;MG
54;Ficha 54;PREFEITURA MUNICIPAL DE SAPUCAIA;19,800 ;RJ
55;Ficha 55;CAHOEIRA DAS PALMEIRAS;19,900 ;MG
56;Ficha 56;NÃO IDENTIFICADO;19,950 ;RJ
57;Ficha 57;NÃO IDENTIFICADO;20,400 ;MG
58;Ficha 58;NÃO IDENTIFICADO;20,500 ;RJ
59;Ficha 59;PREFEITURA MUNICIPAL DE SAPUCAIA;21,100 ;RJ
60;Ficha 60;NÃO IDENTIFICADO;21,200 ;MG
61;Ficha 61;NÃO IDENTIFICADO;21,300 ;MG
62;Ficha 62;PREFEITURA ;21,400 ;RJ
63;Ficha 63;NÃO IDENTIFICADO;21,700 ;RJ
64;Ficha 64;NÃO IDENTIFICADO;21,800 ;RJ
65;Ficha 65;NÃO IDENTIFICADO;21,900 ;MG
66;Ficha 66;GOVERNO DO ESTADO DO RIO DE JANEIRO - RJ;21,980 ;RJ
67;Ficha 67;NÃO IDENTIFICADO;22,200 ;MG
68;Ficha 68;NÃO IDENTIFICADO;22,250 ;RJ
69;Ficha 69;SÍTIO PARAÍSO;22,300 ;MG
70;Ficha 70;GOVERNO DO ESTADO DO RIO DE JANERIO - RJ 154;23,300 ;MG
71;Ficha 71;GOVERNO DO ESTADO DO RIO DE JANERIO - RJ 154;23,500 ;RJ
72;Ficha 72;NÃO IDENTIFICADO;23,600 ;MG
73;Ficha 73;NÃO IDENTIFICADO;24,200 ;MG
74;Ficha 74;NÃO IDENTIFICADO;24,300 ;MG
75;Ficha 75;NÃO IDENTIFICADO;24,600 ;RJ
76;Ficha 76;HOTEL BRETÕES;25,800 ;RJ
77;Ficha 77;GRANJA RAPOSO;25,820 ;MG
78;Ficha 78;FAZENDA BOA VISTA;26,550 ;MG
79;Ficha 79;FAZENDA BOA VISTA;26,550 ;RJ
80;Ficha 80;NÃO IDENTIFICADO;26,700 ;RJ
81;Ficha 81;FAZENDA SÃO FRANCISCO DE PAULA;27,500 ;MG
82;Ficha 82;FAZENDA SÃO FRANCISCO DE PAULA;27,800 ;RJ
83;Ficha 83;PREFEITURA MUNICIPAL DE SAPUCAIA;27,950 ;MG
84;Ficha 84;NÃO IDENTIFICADO;29,400 ;MG
85;Ficha 85;ACESSO PROVISÓRIO (DEPÓSITO CRT);30,050 ;RJ
86;Ficha 86;NÃO IDENTIFICADO;31,500 ;RJ
87;Ficha 87;NÃO IDENTIFICADO;32,000 ;MG
88;Ficha 88;ESTRADA DA MINERVA / SANTA CRUZ / BOM JARDIM;32,100 ;RJ
89;Ficha 89;CRT - BOTA FORA QUE FICOU ABERTO;32,700 ;RJ
90;Ficha 90;NÃO IDENTIFICADO;32,980 ;MG
91;Ficha 91;NÃO IDENTIFICADO;33,100 ;RJ
92;Ficha 92;FAZENDA BOA ESPERANÇA;33,850 ;MG
93;Ficha 93;FAZENDA BOA ESPERANÇA;33,900 ;RJ
94;Ficha 94;NÃO IDENTIFICADO;33,950 ;MG
95;Ficha 95;HARAS E GRANJA SAINT MARIE;34,400 ;MG
96;Ficha 96;NÃO IDENTIFICADO;35,200 ;RJ
97;Ficha 97;NÃO IDENTIFICADO;35,300 ;MG
98;Ficha 98;NÃO IDENTIFICADO;35,400 ;MG
99;Ficha 99;SÍTIO SÃO FRANCISCO ;35,700 ;MG
100;Ficha 100;NÃO IDENTIFICADO;35,740 ;RJ
101;Ficha 101;PREFEITURA MUNICIPAL DE SAPUCAIA;35,760 ;MG
102;Ficha 102;PREFEITURA MUNICIPAL DE SAPUCAIA;35,770 ;MG
103;Ficha 103;PREFEITURA MUNICIPAL DE SAPUCAIA;35,800 ;MG
104;Ficha 104;NÃO IDENTIFICADO;35,800 ;RJ
105;Ficha 105;NÃO IDENTIFICADO;36,000 ;RJ
106;Ficha 106;PREFEITURA MUNICIPAL DE SAPUCAIA;36,050 ;MG
107;Ficha 107;PREFEITURA MUNICIPAL DE SAPUCAIA;36,050 ;MG
108;Ficha 108;PREFEITURA MUNICIPAL DE SAPUCAIA;36,400 ;MG
109;Ficha 109;NÃO IDENTIFICADO;36,550 ;RJ
110;Ficha 110;NÃO IDENTIFICADO;36,640 ;MG
111;Ficha 111;NÃO IDENTIFICADO;37,080 ;MG
112;Ficha 112;NÃO IDENTIFICADO;37,100 ;RJ
113;Ficha 113;NÃO IDENTIFICADO;37,200 ;MG
114;Ficha 114;AUTO POSTO FORTALEZA DO PEÃO;37,220 ;MG
115;Ficha 115;NÃO IDENTIFICADO;37,300 ;RJ
116;Ficha 116;NÃO IDENTIFICADO;37,320 ;RJ
117;Ficha 117;NÃO IDENTIFICADO;37,320 ;RJ
118;Ficha 118;NÃO IDENTIFICADO;37,580 ;RJ
119;Ficha 119;NÃO IDENTIFICADO;37,600 ;MG
120;Ficha 120;HARAS MJA;37,800 ;MG
121;Ficha 121;(DEÓSITO PROVISÓRIO (CRT);37,800 ;RJ
122;Ficha 122;VOLTA DO PIÃO (LAVOURA);37,900 ;RJ
123;Ficha 123;VOLTA DO PIÃO;37,970 ;RJ
124;Ficha 124;GOVERNO DO ESTADO DO RIO DE JANEIRO - RJ-156;38,600 ;MG
125;Ficha 125;NÃO IDENTIFICADO;38,900 ;MG
126;Ficha 126;PREFEITURA MUNICIPAL DE TERESÓPOLIS;38,980 ;MG
127;Ficha 127;NÃO IDENTIFICADO;39,100 ;RJ
128;Ficha 128;NÃO IDENTIFICADO;39,240 ;RJ
129;Ficha 129;NÃO IDENTIFICADO;39,700 ;RJ
130;Ficha 130;NÃO IDENTIFICADO;39,900 ;RJ
131;Ficha 131;NÃO IDENTIFICADO;40,050 ;RJ
132;Ficha 132;NÃO IDENTIFICADO;40,100 ;MG
133;Ficha 133;RUA JÚLIO MANOEL PIMENTEL;40,150 ;RJ
134;Ficha 134;NÃO IDENTIFICADO;40,250 ;RJ
135;Ficha 135;POSTO ÁGUA QUENTE;40,380 ;RJ
136;Ficha 136;PREFEITURA MUNICIPAL DE TERESÓPOLIS;40,500 ;RJ
137;Ficha 137;NÃO IDENTIFICADO;40,600 ;RJ
138;Ficha 138;PREFEITURA MUNICIPAL DE TERESÓPOLIS;40,700 ;MG
139;Ficha 139;PREFEITURA MUNICIPAL DE TERESÓPOLIS;40,800 ;RJ
140;Ficha 140;NÃO IDENTIFICADO;41,050 ;MG
141;Ficha 141;CENTRO DE DISTRIBUIÇÃO W CRUZ;41,100 ;MG
142;Ficha 142;PREFEITURA MUNICIPAL DE TERESÓPOLIS;41,300 ;RJ
143;Ficha 143;EDUARDO ELIS ;41,500 ;RJ
144;Ficha 144;NÃO IDENTIFICADO;41,600 ;MG
145;Ficha 145;NÃO IDENTIFICADO;41,800 ;RJ
146;Ficha 146;EDIMAR GONÇALVES SILVA;42,000 ;MG
147;Ficha 147;CERVEJARIA PETRÓPOLIS S/A ;42,900 ;MG
148;Ficha 148;CERVEJARIA PETRÓPOLIS S/A ;42,900 ;RJ
149;Ficha 149;CERVEJARIA PETRÓPOLIS S/A ;43,050 ;MG
150;Ficha 150;CERVEJARIA PETRÓPOLIS S/A ;43,600 ;MG
151;Ficha 151;CERVEJARIA PETRÓPOLIS S/A ;43,900 ;RJ
152;Ficha 152;SOLAR VOLTS;44,260 ;RJ
153;Ficha 153;SÍTIO CAXETA;44,400 ;MG
154;Ficha 154;NÃO IDENTIFICADO;44,400 ;RJ
155;Ficha 155;PREFEITURA MUNICIPAL DE TERESÓPOLIS;44,700 ;RJ
156;Ficha 156;PREFEITURA MUNICIPAL DE TERESÓPOLIS;44,900 ;RJ
157;Ficha 157;PREFEITURA MUNICIPAL DE TERESÓPOLIS;44,950 ;MG
158;Ficha 158;NÃO IDENTIFICADO;44,990 ;RJ
159;Ficha 159;NÃO IDENTIFICADO;45,050 ;MG
160;Ficha 160;NÃO IDENTIFICADO;45,300 ;MG
161;Ficha 161;SÍTIO DEDO DE DEUS;45,380 ;RJ
162;Ficha 162;NÃO IDENTIFICADO;46,400 ;MG
163;Ficha 163;ESCOLA DAS MISSÕES;46,500 ;RJ
164;Ficha 164;PREFEITURA MUNICIPAL DE TERESÓPOLIS;47,050 ;RJ
165;Ficha 165;PREFEITURA MUNICIPAL DE TERESÓPOLIS;47,080 ;RJ
166;Ficha 166;PREFEITURA MUNICIPAL DE TERESÓPOLIS;47,100 ;MG
167;Ficha 167;IGREJA BATISTA SERRA DO CAPIM;47,200 ;MG
168;Ficha 168;NÃO IDENTIFICADO;47,200 ;RJ
169;Ficha 169;NÃO IDENTIFICADO;47,300 ;RJ
170;Ficha 170;CERVEJARIA PETRÓPOLIS S/A;47,500 ;MG
171;Ficha 171;AUTO POSTO SERRA DO CAPIM;48,020 ;MG
172;Ficha 172;HARAS PRAÇA XV;48,400 ;RJ
173;Ficha 173;NÃO IDENTIFICADO;48,880 ;MG
174;Ficha 174;PREFEITURA MUNICIPAL DE TERESÓPOLIS;48,900 ;RJ
175;Ficha 175;NÃO IDENTIFICADO;49,200 ;MG
176;Ficha 176;HARAS VERDE E PRETO;49,800 ;RJ
177;Ficha 177;NÃO IDENTIFICADO;50,400 ;RJ
178;Ficha 178;ALEXANDRE VELASCO;51,100 ;MG
179;Ficha 179;PREFEITURA MUNICIPAL DE TERESÓPOLIS;51,400 ;RJ
180;Ficha 180;ALEXANDRE VELASCO;51,900 ;MG
181;Ficha 181;ALEXANDRE VELASCO;52,300 ;MG
182;Ficha 182;ALEXANDRE VELASCO;52,500 ;RJ
183;Ficha 183;NÃO IDENTIFICADO;52,850 ;RJ
184;Ficha 184;NÃO IDENTIFICADO;52,900 ;MG
185;Ficha 185;BAR DO MARQUINHOS MANECO;52,950 ;RJ
186;Ficha 186;NÃO IDENTIFICADO;53,050 ;RJ
187;Ficha 187;NÃO IDENTIFICADO;53,250 ;RJ
188;Ficha 188;NÃO IDENTIFICADO;53,300 ;MG
189;Ficha 189;NÃO IDENTIFICADO;53,300 ;RJ
190;Ficha 190;NÃO IDENTIFICADO;53,320 ;RJ
191;Ficha 191;NÃO IDENTIFICADO;53,380 ;RJ
192;Ficha 192;NÃO IDENTIFICADO;53,400 ;MG
193;Ficha 193;ACESSO RJ-134 S.J.V.R.PRETO;54,020 ;RJ
194;Ficha 194;NÃO IDENTIFICADO;54,080 ;RJ
195;Ficha 195;TREVO DE ACESSO A SÃO JOSÉ DO VALE DO RIO PRETO;54,090 ;MG
196;Ficha 196;AREAL;54,320 ;RJ
197;Ficha 197;INVASÃO;54,400 ;RJ
198;Ficha 198;INVASÃO;54,420 ;RJ
199;Ficha 199;INVASÃO;54,425 ;RJ
200;Ficha 200;INVASÃO;54,430 ;RJ
201;Ficha 201;INVASÃO;54,470 ;RJ
202;Ficha 202;INVASÃO;54,500 ;RJ
203;Ficha 203;IGREJA DE PONTE NOVA;54,600 ;RJ
204;Ficha 204;NÃO IDENTIFICADO;54,780 ;RJ
205;Ficha 205;HORÁCIO - INVASÃO;54,800 ;MG
206;Ficha 206;INVASÃO;54,850 ;RJ
207;Ficha 207;SIIRO - INVASÃO;54,900 ;MG
208;Ficha 208;PAULOHENRIQUE;54,920 ;MG
209;Ficha 209;ARISTEU PIRES E OUTROS;54,950 ;RJ
210;Ficha 210;DIVERSOS;54,970 ;RJ
211;Ficha 211;BAR DO RATINHO;54,990 ;RJ
212;Ficha 212;NÃO IDENTIFICADO;55,000 ;RJ
213;Ficha 213;NÃO IDENTIFICADO;55,070 ;RJ
214;Ficha 214;DIVERSOS;55,200 ;RJ
215;Ficha 215;NÃO IDENTIFICADO;55,250 ;RJ
216;Ficha 216;NÃO IDENTIFICADO;55,370 ;RJ
217;Ficha 217;NÃO IDENTIFICADO;55,390 ;RJ
218;Ficha 218;NÃO IDENTIFICADO;55,400 ;MG
219;Ficha 219;NÃO IDENTIFICADO;55,750 ;RJ
220;Ficha 220;NÃO IDENTIFICADO;56,200 ;RJ
221;Ficha 221;NÃO IDENTIFICADO;56,400 ;MG
222;Ficha 222;BAR E MERCEARIA JANDIRA ;56,550 ;RJ
223;Ficha 223;ESTRADA DE TERRA PROJETADA - PONTE NOVA X VARGEM GRANDE (RJ-130);56,900 ;MG
224;Ficha 224;SÍTIO RECANTO DA PONTE;57,000 ;RJ
225;Ficha 225;NÃO IDENTIFICADO;57,080 ;MG
226;Ficha 226;NÃO IDENTIFICADO;57,100 ;MG
227;Ficha 227;NÃO IDENTIFICADO;57,220 ;MG
228;Ficha 228;NÃO IDENTIFICADO;57,300 ;MG
229;Ficha 229;ACESSO S,J,V,R,PRETO - MORRO VENTANIA;57,350 ;RJ
230;Ficha 230;NÃO IDENTIFICADO;57,700 ;MG
231;Ficha 231;NÃO IDENTIFICADO;57,900 ;RJ
232;Ficha 232;PREFEITURA MUNICIPAL DE TERESÓPOLIS;58,300 ;MG
233;Ficha 233;ENEL ENERGIA E SERVIÇOS S/A;58,700 ;MG
234;Ficha 234;ENEL S/A ( AMPLA );58,700 ;MG
235;Ficha 235;NÃO IDENTIFICADO;58,900 ;MG
236;Ficha 236;NÃO IDENTIFICADO;59,400 ;MG
237;Ficha 237;PREFEITURA MUNICIPAL DE TERESÓPOLIS;59,500 ;MG
238;Ficha 238;NÃO IDENTIFICADO;59,600 ;MG
239;Ficha 239;NÃO IDENTIFICADO;59,600 ;RJ
240;Ficha 240;AREAL;60,200 ;MG
241;Ficha 241;NÃO IDENTIFICADO;60,250 ;MG
242;Ficha 242;NÃO IDENTIFICADO;60,300 ;MG
243;Ficha 243;NÃO IDENTIFICADO;60,300 ;MG
244;Ficha 244;PREFEITURA MUNICIPAL DE TERESÓPOLIS;60,300 ;RJ
245;Ficha 245;NÃO IDENTIFICADO;60,400 ;RJ
246;Ficha 246;NÃO IDENTIFICADO;60,420 ;RJ
247;Ficha 247;(FORRÓ DO MANINHO);60,425 ;MG
248;Ficha 248;NÃO IDENTIFICADO;60,425 ;RJ
249;Ficha 249;NÃO IDENTIFICADO;60,430 ;MG
250;Ficha 250;NÃO IDENTIFICADO;60,435 ;MG
251;Ficha 251;LUIZ ALBERTO CARNEIRO;60,440 ;MG
252;Ficha 252;NÃO IDENTIFICADO;60,440 ;RJ
253;Ficha 253;NÃO IDENTIFICADO;60,440 ;RJ
254;Ficha 254;NÃO IDENTIFICADO;60,450 ;MG
255;Ficha 255;NÃO IDENTIFICADO;60,600 ;RJ
256;Ficha 256;NÃO IDENTIFICADO;60,620 ;RJ
257;Ficha 257;NÃO IDENTIFICADO;60,630 ;RJ
258;Ficha 258;NÃO IDENTIFICADO;60,640 ;MG
259;Ficha 259;NÃO IDENTIFICADO;60,640 ;RJ
260;Ficha 260;NÃO IDENTIFICADO;60,640 ;RJ
261;Ficha 261;NÃO IDENTIFICADO;60,650 ;MG
262;Ficha 262;NÃO IDENTIFICADO;60,660 ;RJ
263;Ficha 263;NÃO IDENTIFICADO;60,670 ;MG
264;Ficha 264;NÃO IDENTIFICADO;60,700 ;RJ
265;Ficha 265;NÃO IDENTIFICADO;60,900 ;MG
266;Ficha 266;RECANTO CAIDAMBRU;60,900 ;RJ
267;Ficha 267;FAZENDA BARONEZA;61,050 ;RJ
268;Ficha 268;PREFEITURA MUNICIPAL DE TERESÓPOLIS;61,050 ;RJ
269;Ficha 269;Dª RITA E SEU VALENTIM ;61,500 ;RJ
270;Ficha 270;NÃO IDENTIFICADO;61,600 ;RJ
271;Ficha 271;PREFEITURA MUNICIPAL DE TERESÓPOLIS;61,800 ;MG
272;Ficha 272;NÃO IDENTIFICADO;61,850 ;MG
273;Ficha 273;NÃO IDENTIFICADO;61,870 ;RJ
274;Ficha 274;NÃO IDENTIFICADO;61,950 ;RJ
275;Ficha 275;PREFEITURA MUNICIPAL DE TERESÓPOLIS - ESCOLA ALUÍSIO DE SOUZA SILVA (AGUARDANDO EXECUÇÃO);62,050 ;RJ
276;Ficha 276;NÃO IDENTIFICADO;62,080 ;RJ
277;Ficha 277;NÃO IDENTIFICADO;62,100 ;RJ
278;Ficha 278;NÃO IDENTIFICADO;62,200 ;RJ
279;Ficha 279;SÍTIO SÃO CRISTOVÃO;62,220 ;RJ
280;Ficha 280;SÍTIO SÃO CRISTOVÃO;62,350 ;RJ
281;Ficha 281;SÍTIO DO ALEMÃO;62,700 ;RJ
282;Ficha 282;NÃO IDENTIFICADO;62,800 ;RJ
283;Ficha 283;PONTE - ACESSO PARQUE BOA UNIÃO (INEA);62,900 ;MG
284;Ficha 284;NÃO IDENTIFICADO;62,950 ;RJ
285;Ficha 285;NÃO IDENTIFICADO;63,200 ;RJ
286;Ficha 286;SÍTIO DO NOEL;63,300 ;RJ
287;Ficha 287;NÃO IDENTIFICADO;63,800 ;RJ
288;Ficha 288;FAZENDA SUIÇA;63,900 ;MG
289;Ficha 289;CLUBE DAS PIRÂMIDES ;64,100 ;RJ
290;Ficha 290;SÍTIO BEIRA RIO;64,250 ;MG
291;Ficha 291;NÃO IDENTIFICADO;64,400 ;RJ
292;Ficha 292;AREAL;64,650 ;MG
293;Ficha 293;NÃO IDENTIFICADO;64,850 ;MG
294;Ficha 294;NÃO IDENTIFICADO;65,050 ;MG
295;Ficha 295;NÃO IDENTIFICADO;65,100 ;RJ
296;Ficha 296;NÃO IDENTIFICADO;65,400 ;MG
297;Ficha 297;NÃO IDENTIFICADO;65,550 ;MG
298;Ficha 298;SUPERMERCADOS VENERI E OUTROS;65,560 ;RJ
299;Ficha 299;PREFEITURA MUNICIPAL DE TERESÓPOLIS - ACESSO A CRUZEIRO;65,700 ;RJ
300;Ficha 300;MANOEL AMANDIO;65,800 ;MG
301;Ficha 301;MANOEL AMANDIO;65,820 ;MG
302;Ficha 302;MANOEL AMANDIO;65,890 ;MG
303;Ficha 303;POSTO HAMBURGO;65,900 ;MG
304;Ficha 304;P,M,TERESÓPOLIS - ACESSO A GRANJA MAFRA;66,020 ;MG
305;Ficha 305;PREFEITURA MUNICIPAL DE TERESÓPOLIS;66,050 ;MG
306;Ficha 306;NÃO IDENTIFICADO;66,200 ;MG
307;Ficha 307;NÃO IDENTIFICADO;66,300 ;MG
308;Ficha 308;NÃO IDENTIFICADO;66,400 ;RJ
309;Ficha 309;NÃO IDENTIFICADO;66,500 ;MG
310;Ficha 310;P,M,TERESÓPOLIS (LOTEAMENTO CASA BRANCA);66,500 ;RJ
311;Ficha 311;PREFEITURA MUNICIPAL DE TERESÓPOLIS;66,600 ;MG
312;Ficha 312;PREFEITURA MUNICIPAL DE TERESÓPOLIS;66,700 ;MG
313;Ficha 313;PREFEITURA MUNICIPAL DE TERESÓPOLIS;66,900 ;MG
314;Ficha 314;NÃO IDENTIFICADO;67,000 ;RJ
315;Ficha 315;NÃO IDENTIFICADO;67,000 ;RJ
316;Ficha 316;PREFEITURA MUNICIPAL DE TERESÓPOLIS;67,300 ;MG
317;Ficha 317;PREFEITURA MUNICIPAL DE TERESÓPOLIS;67,300 ;RJ
318;Ficha 318;NÃO IDENTIFICADO;67,500 ;MG
319;Ficha 319;PREFEITURA MUNICIPAL DE TERESÓPOLIS;67,500 ;MG
320;Ficha 320;NÃO IDENTIFICADO;67,600 ;RJ
321;Ficha 321;NÃO IDENTIFICADO;67,620 ;RJ
322;Ficha 322;NÃO IDENTIFICADO;67,625 ;RJ
323;Ficha 323;NÃO IDENTIFICADO;67,900 ;MG
324;Ficha 324;NÃO IDENTIFICADO;67,920 ;RJ
325;Ficha 325;FAZENDA GROTA FUNDA;68,100 ;RJ
326;Ficha 326;NÃO IDENTIFICADO;68,850 ;RJ
327;Ficha 327;NÃO IDENTIFICADO;69,020 ;MG
328;Ficha 328;NÃO IDENTIFICADO;69,040 ;MG
329;Ficha 329;NÃO IDENTIFICADO;69,080 ;MG
330;Ficha 330;NÃO IDENTIFICADO;69,100 ;RJ
331;Ficha 331;PREFEITURA MUNICIPAL DE TERESÓPOLIS;69,200 ;RJ
332;Ficha 332;NÃO IDENTIFICADO;69,220 ;MG
333;Ficha 333;INVASÃO;69,600 ;MG
334;Ficha 334;INVASÃO;69,620 ;MG
335;Ficha 335;INVASÃO;69,620 ;MG
336;Ficha 336;SITIO VILA RICA;69,620 ;RJ
337;Ficha 337;INVASÃO;69,640 ;MG
338;Ficha 338;NÃO IDENTIFICADO;69,700 ;MG
339;Ficha 339;INVASÃO;69,750 ;MG
340;Ficha 340;SÍTIO SÃO JOÃO;69,800 ;RJ
341;Ficha 341;NÃO IDENTIFICADO;69,900 ;RJ
342;Ficha 342;NÃO IDENTIFICADO;69,930 ;RJ
343;Ficha 343;INVASÃO;69,950 ;RJ
344;Ficha 344;INVASÃO;69,990 ;RJ
345;Ficha 345;FAZENDA TEXAS;70,650 ;RJ
346;Ficha 346;ARACI DA SILVA PENHA - AÇÃO DEMOLITÓRIA;70,700 ;MG
347;Ficha 347;DISPOSITIVO DE RETORNO CRT;70,900 ;MG
348;Ficha 348;DISPOSITIVO DE RETORNO CRT;70,900 ;RJ
349;Ficha 349;RAMPA PN-1;70,950 ;RJ
350;Ficha 350;P,M,TERESÓPOLIS;71,100 ;MG
351;Ficha 351;NÃO IDENTIFICADO;71,100 ;RJ
352;Ficha 352;NÃO IDENTIFICADO;71,100 ;RJ
353;Ficha 353;P,M,TERESÓPOLIS;71,200 ;MG
354;Ficha 354;NÃO IDENTIFICADO;71,200 ;RJ
355;Ficha 355;NÃO IDENTIFICADO;71,220 ;RJ
356;Ficha 356;PREFEITURA MUNICIPAL DE TERESÓPOLIS;71,230 ;RJ
357;Ficha 357;P,M,TERESÓPOLIS;71,300 ;RJ
358;Ficha 358;PREFEITURA MUNICIPAL DE TERESÓPOLIS;71,320 ;MG
359;Ficha 359;SÍTIO RECANTO DO REI ;71,900 ;MG
360;Ficha 360;NÃO IDENTIFICADO;71,920 ;MG
361;Ficha 361;NÃO IDENTIFICADO;72,000 ;RJ
362;Ficha 362;CANTINHO DA SAUDADE;72,020 ;MG
363;Ficha 363;FAZENDA HOSPEDARIA;72,080 ;MG
364;Ficha 364;FAZENDA HOSPEDARIA;72,200 ;MG
365;Ficha 365;NÃO IDENTIFICADO;72,500 ;MG
366;Ficha 366;NÃO IDENTIFICADO;72,550 ;RJ
367;Ficha 367;NÃO IDENTIFICADO;72,600 ;MG
368;Ficha 368;NÃO IDENTIFICADO;72,650 ;RJ
369;Ficha 369;NÃO IDENTIFICADO;72,680 ;RJ
370;Ficha 370;SÍTIO BOA ESPERANÇA ;72,750 ;MG
371;Ficha 371;NÃO IDENTIFICADO;72,900 ;RJ
372;Ficha 372;NÃO IDENTIFICADO;73,100 ;RJ
373;Ficha 373;NÃO IDENTIFICADO;73,200 ;RJ
374;Ficha 374;NÃO IDENTIFICADO;73,400 ;RJ
375;Ficha 375;P,M,TERESÓPOLIS;73,600 ;RJ
376;Ficha 376;PÁTIO DA CRT PARA DEPÓSITO DE MATERIAL INERTE ;74,300 ;RJ
377;Ficha 377;NÃO IDENTIFICADO;74,400 ;MG
378;Ficha 378;NÃO IDENTIFICADO;74,500 ;MG
379;Ficha 379;CRT (DEPÓSITO PROVISÓRIO);74,500 ;RJ
380;Ficha 380;NÃO IDENTIFICADO;74,700 ;MG
381;Ficha 381;NÃO IDENTIFICADO;74,800 ;MG
382;Ficha 382;JORGE PEDRO DA SILVA (BARÃO AUTO PEÇAS);74,950 ;RJ
383;Ficha 383;NÃO IDENTIFICADO;75,030 ;RJ
384;Ficha 384;NÃO IDENTIFICADO;75,200 ;RJ
385;Ficha 385;P,M,TERESÓPOLIS - ATERRO SANITÁRIO;75,700 ;MG
386;Ficha 386;NÃO IDENTIFICADO;75,900 ;MG
387;Ficha 387;AUTO POSTO VILARINHO DA PRATA - MOTEL DA PRATA;75,980 ;RJ
388;Ficha 388;CONDOMÍNIO APA RAINBOW;75,990 ;MG
389;Ficha 389;NÃO IDENTIFICADO;76,000 ;MG
390;Ficha 390;RAFAEL BRASINHA;76,000 ;MG
391;Ficha 391;AUTO POSTO VILARINHO DA PRATA;76,000 ;RJ
392;Ficha 392;AUTO POSTO VILARINHO DA PRATA - MOTEL DA PRATA;76,040 ;RJ
393;Ficha 393;NÃO IDENTIFICADO;76,080 ;MG
394;Ficha 394;NÃO IDENTIFICADO;76,100 ;MG
395;Ficha 395;NÃO IDENTIFICADO;76,130 ;MG
396;Ficha 396;P,M,TERESÓPOLIS - ESTRADA DO MATADOURO (PEDRO ELEUTÉRIO);76,300 ;RJ
397;Ficha 397;AUTO POSTO PRATA;76,350 ;MG
398;Ficha 398;CARLOS ANTONIO CARREIRO DE CARVALHO;76,450 ;MG
399;Ficha 399;NÃO IDENTIFICADO;76,500 ;MG
400;Ficha 400;PREFEITURA MUNICIPAL DE TERESÓPOLIS - RUA AVELINO MACHADO BASTOS;76,500 ;RJ
401;Ficha 401;AIRES MARQUES;76,600 ;RJ
402;Ficha 402;NÃO IDENTIFICADO;76,800 ;RJ
403;Ficha 403;ALÇA DE RETORNO VIADUTO DA PRATA;76,900 ;RJ
404;Ficha 404;NÃO IDENTIFICADO;76,970 ;RJ
405;Ficha 405;NÃO IDENTIFICADO;76,980 ;RJ
406;Ficha 406;NÃO IDENTIFICADO;77,000 ;RJ
407;Ficha 407;NÃO IDENTIFICADO;77,020 ;RJ
408;Ficha 408;NÃO IDENTIFICADO;77,080 ;RJ
409;Ficha 409;NÃO IDENTIFICADO;77,100 ;RJ
410;Ficha 410;NÃO IDENTIFICADO;77,120 ;RJ
411;Ficha 411;NÃO IDENTIFICADO;77,200 ;RJ
412;Ficha 412;NÃO IDENTIFICADO;77,240 ;RJ
413;Ficha 413;NÃO IDENTIFICADO;77,250 ;RJ
414;Ficha 414;NÃO IDENTIFICADO;77,260 ;RJ
415;Ficha 415;NÃO IDENTIFICADO;77,300 ;RJ
416;Ficha 416;NÃO IDENTIFICADO;77,400 ;MG
417;Ficha 417;ALÇA DE RETORNO VIADUTO DA PRATA  – RJ-130;77,400 ;MG
418;Ficha 418;PREFEITURA MUNICIPAL DE TERESÓPOLIS;77,400 ;RJ
419;Ficha 419;PREFEITURA MUNICIPAL DE TERESÓPOLIS;77,500 ;RJ
420;Ficha 420;MARIA ERMINDA ;77,600 ;MG
421;Ficha 421;PREFEITURA MUNICIPAL DE TERESÓPOLIS;77,600 ;RJ
422;Ficha 422;P,M,TERESÓPOLIS - ACESSO ESTRADA DAS MONTANHAS - RJ 130;77,680 ;MG
423;Ficha 423;PREFEITURA MUNICIPAL DE TERESÓPOLIS;77,680 ;RJ
424;Ficha 424;PREFEITURA MUNICIPAL DE TERESÓPOLIS;77,700 ;MG
425;Ficha 425;RUA LATERAL DO PRATA - NÃO IMPLANTADA;77,750 ;RJ
426;Ficha 426;P,M,TERESÓPOLIS;77,760 ;MG
427;Ficha 427;NÃO IDENTIFICADO;77,800 ;MG
428;Ficha 428;NÃO IDENTIFICADO;77,800 ;MG
429;Ficha 429;P,M,TERESÓPOLIS - ACESSO ESTRADA DA FONTE SANTA;77,800 ;RJ
430;Ficha 430;NÃO IDENTIFICADO;77,820 ;MG
431;Ficha 431;SERVIDÃO JOSÉ SOARES DA SILVA;77,820 ;MG
432;Ficha 432;NÃO IDENTIFICADO;77,900 ;RJ
433;Ficha 433;NÃO IDENTIFICADO;77,940 ;RJ
434;Ficha 434;NÃO IDENTIFICADO;77,980 ;RJ
435;Ficha 435;RICARDO SIMÕES FERREIRA;78,080 ;RJ
436;Ficha 436;NÃO IDENTIFICADO;78,120 ;RJ
437;Ficha 437;NÃO IDENTIFICADO;78,200 ;RJ
438;Ficha 438;NÃO IDENTIFICADO;78,205 ;RJ
439;Ficha 439;NÃO IDENTIFICADO;78,205 ;RJ
440;Ficha 440;NÃO IDENTIFICADO;78,220 ;RJ
441;Ficha 441;NÃO IDENTIFICADO;78,230 ;RJ
442;Ficha 442;NÃO IDENTIFICADO;78,240 ;RJ
443;Ficha 443;NÃO IDENTIFICADO;78,260 ;RJ
444;Ficha 444;ACESSO RETORNO DO PRATA - KM 78;78,300 ;RJ
445;Ficha 445;P,M,TERESÓPOLIS ;78,450 ;RJ
446;Ficha 446;P,M,TERESÓPOLIS ;78,450 ;RJ
447;Ficha 447;P,M,TERESÓPOLIS  SERVIDÃO;78,600 ;RJ
448;Ficha 448;SAÍDA RETORNO DO PRATA - KM 78;78,800 ;MG
449;Ficha 449;P,M,TERESÓPOLIS ;78,900 ;RJ
450;Ficha 450;P,M,TERESÓPOLIS - SERVIDÃO;78,970 ;MG
451;Ficha 451;NÃO IDENTIFICADO;78,980 ;MG
452;Ficha 452;P,M,TERESÓPOLIS ;79,000 ;MG
453;Ficha 453;PREFEITURA MUNICIPAL DE TERESÓPOLIS;79,080 ;MG
454;Ficha 454;NÃO IDENTIFICADO;79,100 ;MG
455;Ficha 455;NÃO IDENTIFICADO;79,280 ;MG
456;Ficha 456;PREFEITURA MUNICIPAL DE TERESÓPOLIS;79,300 ;MG
457;Ficha 457;P,M,TERESÓPOLIS;79,370 ;MG
458;Ficha 458;P,M,TERESÓPOLIS;79,380 ;RJ
459;Ficha 459;NÃO IDENTIFICADO;79,450 ;RJ
460;Ficha 460;TELMA SUELI;79,500 ;MG
461;Ficha 461;P,M,TERESÓPOLIS;79,600 ;MG
462;Ficha 462;PREFEITURA MUNICIPAL DE TERESÓPOLIS;79,600 ;MG
463;Ficha 463;PREFEITURA MUNICIPAL DE TERESÓPOLIS;79,600 ;RJ
464;Ficha 464;GOVERNO DO ESTADO DO RIO DE JANEIRO;80,250 ;MG
465;Ficha 465;NÃO IDENTIFICADO;81,200 ;MG
466;Ficha 466;NÃO IDENTIFICADO;81,700 ;RJ
467;Ficha 467;P,M,TERESÓPOLIS RUA DA ASSEMBLÉIA;82,000 ;MG
468;Ficha 468;DEPÓSITO CARRAPETA;82,100 ;RJ
469;Ficha 469;NÃO IDENTIFICADO;82,200 ;MG
470;Ficha 470;NÃO IDENTIFICADO;82,250 ;RJ
471;Ficha 471;NÃO IDENTIFICADO;82,600 ;MG
472;Ficha 472;FERRO VELHO;82,600 ;RJ
473;Ficha 473;NÃO IDENTIFICADO;83,050 ;RJ
474;Ficha 474;NÃO IDENTIFICADO;83,150 ;RJ
475;Ficha 475;PREFEITURA MUNICIPAL DE TERESÓPOLIS;83,200 ;RJ
476;Ficha 476;P,M,TERESÓPOLIS - RUA AYMORÉS;83,400 ;MG
477;Ficha 477;P,M,TERESÓPOLIS - SERVIDÃO;83,400 ;RJ
478;Ficha 478;NÃO IDENTIFICADO;83,500 ;RJ
479;Ficha 479;NÃO IDENTIFICADO;83,530 ;RJ
480;Ficha 480;CARLOS ALBERTO;83,560 ;RJ
481;Ficha 481;P,M,TERESÓPOLIS - RUA DAS PALMEIRAS;83,580 ;MG
482;Ficha 482;P,M,TERESÓPOLIS - SERVIDÃO;83,580 ;RJ
483;Ficha 483;P,M,TERESÓPOLIS - RUA;83,600 ;RJ
484;Ficha 484;PREFEITURA MUNICIPAL DE TERESÓPOLIS;83,750 ;MG
485;Ficha 485;PREFEITURA MUNICIPAL DE TERESÓPOLIS;83,800 ;MG
486;Ficha 486;PREFEITURA MUNICIPAL DE TERESÓPOLIS;83,800 ;RJ
487;Ficha 487;PREFEITURA MUNICIPAL DE TERESÓPOLIS;83,850 ;MG
488;Ficha 488;NÃO IDENTIFICADO;83,900 ;RJ
489;Ficha 489;SEBASTIÃO RIBEIRO CLARO;83,900 ;RJ
490;Ficha 490;PREFEITURA MUNICIPAL DE TERESÓPOLIS;83,920 ;MG
491;Ficha 491;PREFEITURA MUNICIPAL DE TERESÓPOLIS;83,925 ;RJ
492;Ficha 492;PREFEITURA MUNICIPAL DE TERESÓPOLIS;83,940 ;MG
493;Ficha 493;NÃO IDENTIFICADO;83,940 ;RJ
494;Ficha 494;PREFEITURA MUNICIPAL DE TERESÓPOLIS;83,950 ;RJ
495;Ficha 495;P,M,TERESÓPOLIS - SERVIDÃO;83,950 ;RJ
496;Ficha 496;P,M,TERESÓPOLIS - SERVIDÃO;83,980 ;MG
497;Ficha 497;P,M,TERESÓPOLIS - SERVIDÃO;83,980 ;RJ
498;Ficha 498;PREFEITURA MUNICIPAL DE TERESÓPOLIS;83,990 ;RJ
499;Ficha 499;PREFEITURA MUNICIPAL DE TERESÓPOLIS;84,020 ;MG
500;Ficha 500;PREFEITURA MUNICIPAL DE TERESÓPOLIS;84,050 ;MG
501;Ficha 501;PREFEITURA MUNICIPAL DE TERESÓPOLIS - SERVIDÃO;84,100 ;MG
502;Ficha 502;PREFEITURA MUNICIPAL DE TERESÓPOLIS - SERVIDÃO;84,120 ;MG
503;Ficha 503;PREFEITURA MUNICIPAL DE TERESÓPOLIS;84,140 ;MG
504;Ficha 504;PREFEITURA MUNICIPAL DE TERESÓPOLIS - SERVIDÃO;84,200 ;MG
505;Ficha 505;PREFEITURA MUNICIPAL DE TERESÓPOLIS - SERVIDÃO;84,250 ;MG
506;Ficha 506;PREFEITURA MUNICIPAL DE TERESÓPOLIS - SERVIDÃO;84,280 ;MG
507;Ficha 507;PREFEITURA MUNICIPAL DE TERESÓPOLIS - SERVIDÃO;84,400 ;MG
508;Ficha 508;NÃO IDENTIFICADO;84,440 ;RJ
509;Ficha 509;GOVERNO DO ESTADO DO RIO DE JANEIRO - PARQUE ESTADUAL DOS TRÊS PICOS;84,700 ;MG
510;Ficha 510;NÃO IDENTIFICADO;84,700 ;RJ
511;Ficha 511;ALÇA DE MANUTENÇÃO DO VIADUTO TEREZA CRISTINA;87,050 ;MG
512;Ficha 512;GOVERNO DO ESTADO DO RIO DE JANEIRO (CEDAE);87,500 ;MG
513;Ficha 513;NÃO IDENTIFICADO;89,000 ;RJ
514;Ficha 514;PREFEITURA MUNICIPAL DE TERESÓPOLIS;89,000 ;RJ
515;Ficha 515;NÃO IDENTIFICADO;89,000 ;RJ
516;Ficha 516;PREFEITURA MUNICIPAL DE TERESÓPOLIS;89,000 ;RJ
517;Ficha 517;TERMINAL TURÍSTICO TANCREDO NEVES;89,000 ;Teresópolis
518;Ficha 518;SECRETARIA MUNICIPAL DE DEFESA CIVIL;89,000 ;Teresópolis
519;Ficha 519;NÃO IDENTIFICADO;89,000 ;Teresópolis
520;Ficha 520;NÃO IDENTIFICADO;89,000 ;Teresópolis
521;Ficha 521;NÃO IDENTIFICADO;89,000 ;Teresópolis
522;Ficha 522;NÃO IDENTIFICADO;89,000 ;Teresópolis
523;Ficha 523;COND. SOBERBO GREEN;89,000 ;Teresópolis
524;Ficha 524;NÃO IDENTIFICADO;89,000 ;Teresópolis
525;Ficha 525;PREFEITURA MUNICIPAL DE TERESÓPOLIS;89,000 ;Teresópolis
526;Ficha 526;NÃO IDENTIFICADO;89,000 ;Teresópolis
527;Ficha 527;NÃO IDENTIFICADO;89,000 ;Teresópolis
528;Ficha 528;NÃO IDENTIFICADO;89,000 ;Teresópolis
529;Ficha 529;PREFEITURA MUNICIPAL DE TERESÓPOLIS;89,000 ;Teresópolis
530;Ficha 530;NÃO IDENTIFICADO;89,000 ;Teresópolis
531;Ficha 531;ART CLAY;89,000 ;Teresópolis
532;Ficha 532;NÃO IDENTIFICADO;89,000 ;Teresópolis
533;Ficha 533;NÃO IDENTIFICADO;89,000 ;Teresópolis
534;Ficha 534;NÃO IDENTIFICADO;89,000 ;Teresópolis
535;Ficha 535;NÃO IDENTIFICADO;89,000 ;Teresópolis
536;Ficha 536;NÃO IDENTIFICADO;89,000 ;Teresópolis
537;Ficha 537;IMPORIUM PARDIEIRO;89,000 ;Teresópolis
538;Ficha 538;NÃO IDENTIFICADO;89,000 ;Teresópolis
539;Ficha 539;NÃO IDENTIFICADO;89,000 ;Teresópolis
540;Ficha 540;FLORA GRANJA COMARY;89,000 ;Teresópolis
541;Ficha 541;NÃO IDENTIFICADO;89,000 ;Teresópolis
542;Ficha 542;NÃO IDENTIFICADO;89,000 ;Teresópolis
543;Ficha 543;NÃO IDENTIFICADO;89,000 ;Teresópolis
544;Ficha 544;NÃO IDENTIFICADO;89,000 ;Teresópolis
545;Ficha 545;NÃO IDENTIFICADO;89,000 ;Teresópolis
546;Ficha 546;MALOCA RESTAURANTE;89,000 ;Teresópolis
547;Ficha 547;NÃO IDENTIFICADO;89,000 ;Teresópolis
548;Ficha 548;NÃO IDENTIFICADO;89,000 ;Teresópolis
549;Ficha 549;NÃO IDENTIFICADO;89,000 ;Teresópolis
550;Ficha 550;NÃO IDENTIFICADO;89,000 ;Teresópolis
551;Ficha 551;NÃO IDENTIFICADO;89,000 ;Teresópolis
552;Ficha 552;NÃO IDENTIFICADO;89,000 ;Teresópolis
553;Ficha 553;NÃO IDENTIFICADO;89,000 ;Teresópolis
554;Ficha 554;NÃO IDENTIFICADO;89,000 ;Teresópolis
555;Ficha 555;NÃO IDENTIFICADO;89,000 ;Teresópolis
556;Ficha 556;NÃO IDENTIFICADO;89,000 ;Teresópolis
557;Ficha 557;PREFEITURA MUNICIPAL DE TERESÓPOLIS;89,000 ;Teresópolis
558;Ficha 558;NÃO IDENTIFICADO;89,000 ;Teresópolis
559;Ficha 559;NÃO IDENTIFICADO;89,000 ;Teresópolis
560;Ficha 560;NÃO IDENTIFICADO;89,200 ;RJ
561;Ficha 561;NÃO IDENTIFICADO;89,300 ;MG
562;Ficha 562;PARAÍSO DAS PLANTAS;90,600 ;MG
563;Ficha 563;NÃO IDENTIFICADO;91,100 ;RJ
564;Ficha 564;ESTRADA DO GARRAFÃO;94,100 ;MG
565;Ficha 565;AUTO POSTO GARRAFÃO;94,600 ;MG
566;Ficha 566;PARNASO - SUB SEDE;98,000 ;MG
567;Ficha 567;SÍTIO SANTO ANTÔNIO;99,300 ;RJ
568;Ficha 568;AUGUSTO SOUTELLO GOMES - PASTELARIA SERRANA;99,400 ;MG
569;Ficha 569;P,M,GUAPIMIRIM - ESTRADA DO PARAÍSO;99,600 ;MG
570;Ficha 570;PREFEITURA MUNICIPAL DE GUAPIMIRIM;100,200 ;MG
571;Ficha 571;NÃO IDENTIFICADO;100,500 ;MG
572;Ficha 572;NÃO IDENTIFICADO;100,600 ;RJ
573;Ficha 573;NÃO IDENTIFICADO;100,700 ;RJ
574;Ficha 574;P,M,GUAPIMIRIM - ESTRADA MONTE OLIVETTE;101,200 ;RJ
575;Ficha 575;P,M,GUAPIMIRIM (ESTRADA MUNICIPAL) E POINT 102;101,250 ;MG
576;Ficha 576;SÍTIO KÁ TE ESPERO;101,800 ;RJ
577;Ficha 577;P,M,GUAPIMIRIM - ESTRADA DO ESPINHAÇO;101,830 ;MG
578;Ficha 578;CONDOMÍNIO PARQUE DA SERRA - RANCHO DA SERRA;102,000 ;RJ
579;Ficha 579;CONDOMÍNIO PARQUE SERRANO;102,020 ;MG
580;Ficha 580;P,M,GUAPIMIRIM - ESTRADA DA PEDREIRA;102,300 ;RJ
581;Ficha 581;NÃO IDENTIFICADO;102,300 ;RJ
582;Ficha 582;CASA DOS QUEIJOS;102,500 ;MG
583;Ficha 583;P, M, GUAPIMIRIM (PARQUE SANTO ANTONIO / PARQUE DAS ÁGUAS);102,600 ;RJ
584;Ficha 584;P, M, GUAPIMIRIM;102,700 ;MG
585;Ficha 585;NÃO IDENTIFICADO;102,720 ;MG
586;Ficha 586;SÍTIO PINGO DE ALEGRIA;102,950 ;MG
587;Ficha 587;PREFEITURA MUNICIPAL DE GUAPIMIRIM;103,200 ;RJ
588;Ficha 588;P,M,GUAPIMIRIM - ESTRADA DO IMPERADOR;103,300 ;MG
589;Ficha 589;NÃO IDENTIFICADO;103,300 ;RJ
590;Ficha 590;P,M,GUAPIMIRIM - ESTRADA DO IMPERADOR;103,330 ;RJ
591;Ficha 591;PASTEL DE BELÉM;103,500 ;MG
592;Ficha 592;P,M,GUAPIMIRIM RUA EÇA DE QUEIROZ;103,600 ;MG
593;Ficha 593;P,M,GUAPIMIRIM RUA EÇA DE QUEIROZ;103,600 ;RJ
594;Ficha 594;P,M,GUAPIMIRIM RUA MUNICIPAL;103,700 ;RJ
595;Ficha 595;SÍTIO VIDA MANSA;103,750 ;MG
596;Ficha 596;P,M,GUAPIMIRIM RUA ESTRELA D'ALVA;103,900 ;MG
597;Ficha 597;P,M,GUAPIMIRIM RUA MUNICIPAL E PARTICULAR;103,970 ;RJ
598;Ficha 598;PREFEITURA MUNICIPAL DE GUAPIMIRIM;104,030 ;RJ
599;Ficha 599;NÃO IDENTIFICADO;104,200 ;MG
600;Ficha 600;NÃO IDENTIFICADO;104,200 ;RJ
601;Ficha 601;POINT DA SERRA;104,300 ;MG
602;Ficha 602;POINT DA SERRA;104,300 ;MG
603;Ficha 603;P,M,GUAPIMIRIM RUA MUNICIPAL;104,300 ;RJ
604;Ficha 604;PREFEITURA MUNICIPAL DE GUAPIMIRIM;104,400 ;MG
605;Ficha 605;P,M,GUAPIMIRIM RUA MUNICIPAL;104,400 ;RJ
606;Ficha 606;HORTO GUAPIMIRIM;104,600 ;MG
607;Ficha 607;NÃO IDENTIFICADO;104,600 ;RJ
608;Ficha 608;P,M,GUAPIMIRIM RUA MUNICIPAL;104,650 ;RJ
609;Ficha 609;BRASILINHA (CRT);104,800 ;RJ
610;Ficha 610;BRASILINHA 2;104,900 ;RJ
611;Ficha 611;BASE OPERACIONAL CRT KM 105;104,950 ;RJ
612;Ficha 612;NÃO IDENTIFICADO;105,050 ;MG
613;Ficha 613;BASE ANTT;105,100 ;RJ
614;Ficha 614;FAZENDA PARADA MODELO;105,700 ;RJ
615;Ficha 615;ACESSO RUA LATERAL PARADA MODELO - INÍCIO;106,100 ;RJ
616;Ficha 616;ACESSO RUA LATERAL PARADA MODELO  - INÍCIO;106,300 ;MG
617;Ficha 617;PREFEITURA MUNICIPAL DE GUAPIMIRIM;107,900 ;MG
618;Ficha 618;ACESSO RUA LATERAL PARADA MODELO  - FIM;108,000 ;RJ
619;Ficha 619;AUTO POSTO CASACA;108,100 ;RJ
620;Ficha 620;NÃO IDENTIFICADO;108,200 ;MG
621;Ficha 621;NÃO IDENTIFICADO;108,300 ;RJ
622;Ficha 622;SÍTIO ESPERANÇA;108,500 ;RJ
623;Ficha 623;ACESSO RUA LATERAL PARADA MODELO  - FIM;108,600 ;MG
624;Ficha 624;NÃO IDENTIFICADO;108,700 ;MG
625;Ficha 625;P,M,GUAPIMIRIM - LOTEAMENTO AQUARIUS;109,080 ;RJ
626;Ficha 626;NÃO IDENTIFICADO;109,100 ;MG
627;Ficha 627;NÃO IDENTIFICADO;109,400 ;MG
628;Ficha 628;NÃO IDENTIFICADO;109,400 ;RJ
629;Ficha 629;NÃO IDENTIFICADO;109,900 ;MG
630;Ficha 630;NÃO IDENTIFICADO;109,950 ;RJ
631;Ficha 631;P,M,GUAPIMIRIM RUA DE ACESSO A PARADA IDEAL;110,400 ;MG
632;Ficha 632;SÍTIO SOUZA;110,400 ;RJ
633;Ficha 633;PREFEITURA MUNICIPAL DE MAGÉ;110,950 ;RJ
634;Ficha 634;NÃO IDENTIFICADO;111,100 ;RJ
635;Ficha 635;PREFEITURA MUNICIPAL DE MAGÉ;111,200 ;RJ
636;Ficha 636;PREFEITURA M, DE MAGÉ RUA LATERAL DE  PARADA IDEAL;111,700 ;MG
637;Ficha 637;PREFEITURA MUNICIPAL DE MAGÉ;111,900 ;RJ
638;Ficha 638;PREFEITURA M, MAGÉ RUA LATERAL DE  CITROLÂNDIA;112,000 ;MG
639;Ficha 639;NÃO IDENTIFICADO;112,100 ;MG
640;Ficha 640;NÃO IDENTIFICADO;112,300 ;MG
641;Ficha 641;PREFEITURA M, MAGÉ RUA MUNICIPAL;112,500 ;MG
642;Ficha 642;NÃO IDENTIFICADO;112,800 ;RJ
643;Ficha 643;PREFEITURA MUNICIPAL DE MAGÉ;112,850 ;RJ
644;Ficha 644;SÍTIO DOS NASCENTES;112,900 ;MG
645;Ficha 645;SEDE CAMPESTRE COLÉGIO BATISTA;112,980 ;RJ
646;Ficha 646;ENEL - AMPLA SUB ESTAÇÃO JORORÓ;113,100 ;RJ
647;Ficha 647;NÃO IDENTIFICADO;113,300 ;RJ
648;Ficha 648;P,M,MAGÉ - RUA MUNICIPAL;113,500 ;MG
649;Ficha 649;P,M,MAGÉ - RUA MUNICIPAL;113,600 ;MG
650;Ficha 650;NÃO IDENTIFICADO;113,980 ;MG
651;Ficha 651;NÃO IDENTIFICADO;114,100 ;RJ
652;Ficha 652;P,M,MAGÉ - AV, TEREZA BANDEIRA SALOMÃO;115,400 ;RJ
653;Ficha 653;JI YOUYI;115,500 ;MG
654;Ficha 654;NÃO IDENTIFICADO;115,900 ;RJ
655;Ficha 655;P,M,MAGÉ - ACESSO TAQUARAL;116,100 ;RJ
656;Ficha 656;FAZENDA MUCAMBO;116,600 ;RJ
657;Ficha 657;NÃO IDENTIFICADO;116,700 ;MG
658;Ficha 658;NÃO IDENTIFICADO;117,500 ;MG
659;Ficha 659;NÃO IDENTIFICADO;117,500 ;RJ
660;Ficha 660;SÍTIO CACHOEIRA DE PEDRA D´AGUA;117,700 ;RJ
661;Ficha 661;P,M,MAGÉ - RUA MUNICIPAL (LAGOA);117,800 ;MG
662;Ficha 662;NÃO IDENTIFICADO;117,900 ;RJ
663;Ficha 663;P, M, MAGÉ;118,100 ;MG
664;Ficha 664;NÃO IDENTIFICADO;118,100 ;RJ
665;Ficha 665;P, M, MAGÉ;118,900 ;MG
666;Ficha 666;MAGÉ MINERAÇÃO LTDA;118,900 ;RJ
667;Ficha 667;NÃO IDENTIFICADO;119,400 ;RJ
668;Ficha 668;P,M,MAGÉ RUA MUNICIPAL;119,600 ;RJ
669;Ficha 669;P, M, MAGÉ;119,800 ;MG
670;Ficha 670;P,M,MAGÉ - RUA DAS PAINEIRAS;119,900 ;RJ
671;Ficha 671;P,M,MAGÉ - RUA DOS FLAMBOYANTS;119,900 ;RJ
672;Ficha 672;P,M,MAGÉ - AV, CANTAGALO;120,000 ;MG
673;Ficha 673;SÔNIA;120,300 ;MG
674;Ficha 674;NÃO IDENTIFICADO;120,600 ;MG
675;Ficha 675;ESSENCIS SOLUÇÕES AMBIENTAIS;121,300 ;MG
676;Ficha 676;P,M,MAGÉ - ACESSO PARQUE BONEVILLE ;121,300 ;RJ
677;Ficha 677;P,M,MAGÉ - ACESSO PARQUE BONEVILLE I;121,400 ;RJ
678;Ficha 678;P,M,MAGÉ - ACESSO PARQUE BONEVILLE II;121,700 ;RJ
679;Ficha 679;ANTONIO PINTO ;121,900 ;MG
680;Ficha 680;NEWTON LOPES GOES;122,300 ;RJ/MG
681;Ficha 681;P,M,MAGÉ - ACESSO PARQUE BONEVILLE III;122,600 ;RJ
682;Ficha 682;POLÍCIA RODOVIÁRIA FEDERAL;122,700 ;MG
683;Ficha 683;P,M,MAGÉ - ACESSO A BARÃO DE IRIRI;123,100 ;MG
684;Ficha 684;NÃO IDENTIFICADO;123,100 ;RJ
685;Ficha 685;NÃO IDENTIFICADO;123,600 ;MG
686;Ficha 686;NÃO IDENTIFICADO;123,900 ;RJ
687;Ficha 687;NÃO IDENTIFICADO;124,500 ;RJ
688;Ficha 688;FAZENDA SANTA IZABEL;124,800 ;RJ
689;Ficha 689;NÃO IDENTIFICADO;125,500 ;RJ
690;Ficha 690;P, M, MAGÉ VIA DE ACESSO À SURUÍ;125,700 ;MG
691;Ficha 691;P,M,MAGÉ ESTRADA DA PEDREIRA (HOLCIM);125,700 ;RJ
692;Ficha 692;PASTELARIA 7 IRMÃOS LTDA;125,900 ;MG
693;Ficha 693;PREFEITURA MUNICIPAL DE MAGÉ;126,100 ;RJ
694;Ficha 694;P,M,MAGÉ RUA MUNICIPAL - CONTORNO DA PEDREIRA;126,200 ;RJ
695;Ficha 695;PREFEITURA MUNICIPAL DE MAGÉ;126,300 ;RJ
696;Ficha 696;P, M, MAGÉ;126,500 ;MG
697;Ficha 697;P,M,MAGÉ RUA MUNICIPAL ;126,500 ;RJ
698;Ficha 698;HORTO;126,800 ;MG
699;Ficha 699;FAZENDA GIANPORCORO;126,800 ;RJ
700;Ficha 700;PRIMOSA PEDRAS / LAJES SANTA LÚCIA;126,950 ;MG
701;Ficha 701;P,M,MAGÉ RUA MUNICIPAL ;127,100 ;RJ
702;Ficha 702;PREFEITURA MUNICIPAL DE MAGÉ;127,150 ;RJ
703;Ficha 703;P,M,MAGÉ - ACESSO AV, ISABEL DE PAULA;127,300 ;MG
704;Ficha 704;AUTO POSTO SURUÍ;127,500 ;MG
705;Ficha 705;P, M, MAGÉ;127,800 ;MG
706;Ficha 706;P,M,MAGÉ - RUA MUNICIPAL;128,300 ;MG
707;Ficha 707;FAZENDA CRAFT;128,300 ;RJ
708;Ficha 708;MINERAÇÃO PIMENTA EIRELI LTDA (HIDRATA ÁGUA MINERAL);128,900 ;RJ
709;Ficha 709;AUTO POSTO RENAZA;129,100 ;RJ
710;Ficha 710;P,M,MAGÉ - ACESSO A SANTA DALILA;129,600 ;RJ
711;Ficha 711;P,M,MAGÉ - RUA MUNICIPAL - ACESSO A SANTA DALILA;129,800 ;MG
712;Ficha 712;NÃO IDENTIFICADO;129,900 ;RJ
713;Ficha 713;NÃO IDENTIFICADO;129,900 ;RJ
714;Ficha 714;P,M,MAGÉ RUA MUNICIPAL;130,100 ;RJ
715;Ficha 715;P,M,MAGÉ RUA MUNICIPAL;130,300 ;RJ
716;Ficha 716;PETROBRÁS DISTRIBUIDORA S/A;130,700 ;MG
717;Ficha 717;NÃO IDENTIFICADO (OFICINA MECÂNICA);130,700 ;MG
718;Ficha 718;P,M,MAGÉ - ACESSO A MAUÁ;131,030 ;MG
719;Ficha 719;P,M,MAGÉ - ESTRADA SANTA CRUZ;131,400 ;RJ
720;Ficha 720;SÍTIO VÔ CHICO;131,500 ;RJ
721;Ficha 721;NÃO IDENTIFICADO;131,550 ;RJ
722;Ficha 722;P,M,MAGÉ - RUA MUNICIPAL;131,700 ;MG
723;Ficha 723;NÃO IDENTIFICADO;132,020 ;MG
724;Ficha 724;P,M,MAGÉ - AVENIDA VIRGÍNIA LANE;132,020 ;RJ
725;Ficha 725;ACESSO PIABETÁ;132,550 ;RJ
726;Ficha 726;ESTRADA ANTIGA DA MINEIRA - BLOQUEADA;133,600 ;RJ
727;Ficha 727;P,M,MAGÉ - ESTRADA SANTA FÉ (ANTIGA CAMARÃO);133,900 ;MG
728;Ficha 728;AUTO POSTO SÉCULO XXI;134,000 ;RJ
729;Ficha 729;CRT - DEPÓSITO DE MATERIAL INERTE;134,050 ;MG
730;Ficha 730;P,M,MAGÉ - RUA SANTA TERESA;134,300 ;MG
731;Ficha 731;P,M,MAGÉ - RUA DE ACESSO AO BAIRRO SANTO ANTONIO;134,400 ;MG
732;Ficha 732;P,M,MAGÉ - RUA PREFEITO WALDEMAR TEIXEIRA;134,600 ;MG
733;Ficha 733;NÃO IDENTIFICADO;134,700 ;MG
734;Ficha 734;NÃO IDENTIFICADO;134,750 ;MG
735;Ficha 735;NÃO IDENTIFICADO;134,800 ;MG
736;Ficha 736;P,M,MAGÉ - RUA COQUEIRO;134,900 ;MG
737;Ficha 737;GOVERNO DO ESTADO DO RIO DE JANEIRO - ESTRADA UNIÃO INDÚSTRIA;135,100 ;RJ
738;Ficha 738;P M, M (UNIÃO INDÚSTRIA);135,200 ;MG
739;Ficha 739;P,M,MAGÉ - ACESSO A PARQUE ESTRELA;135,300 ;MG
740;Ficha 740;P,M,MAGÉ - RUA MUNICIPAL;135,600 ;RJ
741;Ficha 741;P,M,MAGÉ - RUA MUNICIPAL;135,700 ;RJ
742;Ficha 742;P,M,D,CAXIAS - ACESSO IMBARIÊ;136,100 ;RJ
743;Ficha 743;P,M,D,CAXIAS - RUA;136,200 ;MG
744;Ficha 744;P,M,D,CAXIAS - RUA EPITÁCEO PESSOA;136,400 ;MG
745;Ficha 745;P,M,D,CAXIAS - RUA MARECHAL FLORIANO ;136,500 ;MG
746;Ficha 746;ACESSO POSTO FORZA;136,800 ;RJ
747;Ficha 747;DER RJ - RJ 107 - RETORNO DE IMBARIÊ;137,400 ;MG
748;Ficha 748;PREFEITURA MUNICIPAL DE DUQUE DE CAXIAS;137,400 ;RJ
749;Ficha 749;P,M,D,CAXIAS ;137,600 ;RJ
750;Ficha 750;P,M,D,CAXIAS - AVENIDA ANHANGÁ;137,700 ;RJ
751;Ficha 751;P, M, DUQUE DE CAXIAS;137,800 ;MG
752;Ficha 752; RUA LATERAL DE JARDIM ANHANGÁ;138,200 ;RJ
753;Ficha 753;P,M,D,CAXIAS - RUA A;138,400 ;MG
754;Ficha 754;NÃO IDENTIFICADO;138,600 ;MG
755;Ficha 755;NÃO IDENTIFICADO;139,050 ;MG
756;Ficha 756;WMJ EMPREENDIMENTOS LTDA;139,100 ;MG
757;Ficha 757;BRINDISI RJ EMPREENDIMENTOS S/A;139,300 ;RJ
758;Ficha 758;CARLOS ALBERTO TOLOMEI DE ARAÚJO;139,500 ;RJ
759;Ficha 759;P,M,D,CAXIAS - RUA 07;139,600 ;MG
760;Ficha 760;P, M, DUQUE DE CAXIAS ACESSO A PARQUE PAULISTA ;139,900 ;RJ
761;Ficha 761;ALFA RIO QUÍMICA;139,990 ;MG
762;Ficha 762;NÃO IDENTIFICADO;140,100 ;RJ
763;Ficha 763;NÃO IDENTIFICADO;140,300 ;MG
764;Ficha 764;NÃO IDENTIFICADO;140,500 ;MG
765;Ficha 765;ANTIGO CARVALHÃO;140,700 ;MG
766;Ficha 766;IGREJA PROJETO CEIFA UNIVERSAL;140,800 ;MG
767;Ficha 767;VENANCIO ADMINISTRAÇÃO DE BENS PRÓPRIOS LTDA.;140,830 ;RJ
768;Ficha 768;VIA LATERAL SARACURUNA;141,400 ;MG
769;Ficha 769;P,M,D,CAXIAS - RUA NIMEYER;141,800 ;RJ
770;Ficha 770;POSTO ESTRADEIRO METROPOLITANO LTDA;141,800 ;RJ
771;Ficha 771;P,M,D,CAXIAS - RUA CAPITÃO FREI ORLANDO;141,930 ;MG
772;Ficha 772;P,M,D,CAXIAS - RUA SALVADOR CORRÊA;142,100 ;RJ
773;Ficha 773;VIA LATERAL SARACURUNA;142,400 ;MG
774;Ficha 774;P,M,D,CAXIAS - ESTRADA JORN, GERALDO;142,400 ;RJ
775;Ficha 775;P,M,D,CAXIAS - RUA MUNICIPAL;142,500 ;RJ
776;Ficha 776;P,M,D,CAXIAS - RUA DR, PILADE PALACE;142,700 ;RJ
777;Ficha 777;P,M,D,CAXIAS - ;142,800 ;RJ
778;Ficha 778;P, M, DUQUE DE CAXIAS;142,900 ;RJ
779;Ficha 779;AUTO POSTO PARANAGUÁ;143,000 ;MG
780;Ficha 780;RUA LATERAL DE JARDIM PRIMAVERA (ACESSO) X SARACURUNA (SAÍDA);143,100 ;MG
781;Ficha 781;TRANSPORTES ICONHA LTDA (JOLIVAN);143,500 ;MG
782;Ficha 782;CONCRETO TERESÓPOLIS LTDA;76,900 ;MG
